trade_id,related_transaction_id,season,week,score_start_week,score_end_week,trade_date_utc,grade_status,ungraded_reason,canonical_group_size,canonical_group_trade_ids,team_a_id,team_a_name,team_a_points,team_a_grade,team_a_players,team_b_id,team_b_name,team_b_points,team_b_grade,team_b_players,net_difference,winner_team_id,winner_team_name
4ff2dc48-a309-4317-a083-e928adbf3948,d6b2cade-3dfa-4f2a-8757-67708364111b,2020,1,2,16,2020-09-02T03:34:03.595000+00:00,ungraded,"expected 2 receiving teams, found 0 from 0 TRADE items",,,,,,,,,,,,,,,
5da19450-0ed7-49b2-8b31-3649db76b6fc,bd44b6df-dd06-461e-9a81-686ac60c0031,2020,1,2,16,2020-09-04T00:22:59.751000+00:00,ungraded,"expected 2 receiving teams, found 0 from 0 TRADE items",,,,,,,,,,,,,,,
c0f0023e-2cc0-44b0-a2c4-6dd25e60c301,988ccafa-d7e7-44db-b287-77900d806887,2020,1,2,16,2020-09-02T18:31:51.336000+00:00,ungraded,"expected 2 receiving teams, found 0 from 0 TRADE items",,,,,,,,,,,,,,,
4bfc6a0f-1ff7-4cd1-aa76-f55fa2e3cf08,3b0210e6-9311-4dbf-8a3a-21dc519fb25f,2020,1,2,16,2020-09-01T07:00:22.267000+00:00,ungraded,"expected 2 receiving teams, found 0 from 0 TRADE items",,,,,,,,,,,,,,,
1dba4622-33a6-42fb-97e7-f121935c16c9,c64a16e6-8b2f-4291-8755-5ff28214a3ad,2020,1,2,16,2020-09-02T03:41:57.007000+00:00,ungraded,"expected 2 receiving teams, found 0 from 0 TRADE items",,,,,,,,,,,,,,,
26065864-a68f-4df2-9046-db48a5d7e579,9d03febd-7f95-46b3-8aa0-8d046ecc18fc,2020,1,2,16,2020-09-06T20:06:20.588000+00:00,ungraded,"expected 2 receiving teams, found 0 from 0 TRADE items",,,,,,,,,,,,,,,
d703afb9-2c13-4c31-a44e-df52a1bdd7a9,3ee4de6f-8b73-4e5b-ab8b-c2549bbcb588,2020,1,2,16,2020-09-03T19:06:37.891000+00:00,ungraded,"expected 2 receiving teams, found 0 from 0 TRADE items",,,,,,,,,,,,,,,
047b3189-e633-401f-b45f-a07e94abfae3,89c870ad-b310-4498-8906-859ebc677d67,2020,1,2,16,2020-09-01T20:02:05.150000+00:00,ungraded,"expected 2 receiving teams, found 0 from 0 TRADE items",,,,,,,,,,,,,,,
086db3f8-f108-4c20-be35-790cd4ba2b3b,4f84c6a8-a1b6-4abf-bd30-685afc14dfed,2020,1,2,16,2020-09-01T07:00:57.592000+00:00,ungraded,"expected 2 receiving teams, found 0 from 0 TRADE items",,,,,,,,,,,,,,,
d0f5c596-19e9-4bd5-8421-d5a50e11235a,6015cb63-aa8d-4d7e-8bb7-1020edfeabdc,2020,2,3,16,2020-09-16T03:08:04.067000+00:00,graded,,1,d0f5c596-19e9-4bd5-8421-d5a50e11235a,3,my dick ertz,574.8,F,David Johnson (131.60); Deshaun Watson (364.00); Michael Thomas (79.20),7,Cam The Ram,627.5,A,Lamar Jackson (301.50); Nick Chubb (159.00); DJ Moore (167.00),-52.7,7,Cam The Ram
530c36d5-621b-48ec-a024-2fd5dce40b6a,5af6c584-9982-41af-8a37-f979634ca188,2020,2,3,16,2020-09-15T17:55:20.920000+00:00,ungraded,"expected 2 receiving teams, found 0 from 0 TRADE items",,,,,,,,,,,,,,,
d595fdd1-45f1-437b-9eb1-527b35d8f97a,9756334b-ba65-49a5-b2a6-418427bdc961,2020,2,3,16,2020-09-18T17:34:20.914000+00:00,ungraded,"expected 2 receiving teams, found 0 from 0 TRADE items",,,,,,,,,,,,,,,
bf8ef3e4-4381-43d6-aa97-a45f511f4c3e,,2020,2,3,16,2020-09-21T07:41:28.973000+00:00,graded,,2,bf8ef3e4-4381-43d6-aa97-a45f511f4c3e; aa8f54ff-2eec-471e-b6cb-2f6d7cb90aea,1,Team Lebi,613.0,A+,Dalvin Cook (298.90); Mike Evans (210.40); Noah Fant (103.70),10,Team Koven,263.3,F,Saquon Barkley (0.00); James White (95.30); Marvin Jones Jr. (168.00),349.7,1,Team Lebi
12c8dd74-fb48-478a-8386-6fb306288f7c,6015cb63-aa8d-4d7e-8bb7-1020edfeabdc,2020,2,3,16,2020-09-16T03:08:03.952000+00:00,ungraded,"expected 2 receiving teams, found 0 from 0 TRADE items",,,,,,,,,,,,,,,
925d1b47-7488-46cc-a8e4-d6e99697c9ec,5af6c584-9982-41af-8a37-f979634ca188,2020,2,3,16,2020-09-15T17:55:21.043000+00:00,graded,,2,925d1b47-7488-46cc-a8e4-d6e99697c9ec; d18fa841-f7b7-4f9c-ba02-5fb79d09797c,3,my dick ertz,540.12,F,Kyler Murray (364.52); Raheem Mostert (55.90); Austin Ekeler (119.70),10,Team Koven,690.9,A+,Lamar Jackson (301.50); Nick Chubb (159.00); DeAndre Hopkins (230.40),-150.78,10,Team Koven
d18fa841-f7b7-4f9c-ba02-5fb79d09797c,,2020,2,3,16,2020-09-15T18:17:27.094000+00:00,graded,,2,925d1b47-7488-46cc-a8e4-d6e99697c9ec; d18fa841-f7b7-4f9c-ba02-5fb79d09797c,3,my dick ertz,690.9,A+,Lamar Jackson (301.50); DeAndre Hopkins (230.40); Nick Chubb (159.00),10,Team Koven,540.12,F,Kyler Murray (364.52); Raheem Mostert (55.90); Austin Ekeler (119.70),150.78,3,my dick ertz
aa8f54ff-2eec-471e-b6cb-2f6d7cb90aea,,2020,2,3,16,2020-09-21T07:42:12.492000+00:00,graded,,2,bf8ef3e4-4381-43d6-aa97-a45f511f4c3e; aa8f54ff-2eec-471e-b6cb-2f6d7cb90aea,1,Team Lebi,263.3,F,Marvin Jones Jr. (168.00); James White (95.30); Saquon Barkley (0.00),10,Team Koven,613.0,A+,Noah Fant (103.70); Mike Evans (210.40); Dalvin Cook (298.90),-349.7,10,Team Koven
c94e3119-c1f1-4e24-9a53-e2cf457e080d,c56d85e4-736e-4141-8d99-617e79052f63,2020,2,3,16,2020-09-18T19:40:07.745000+00:00,ungraded,"expected 2 receiving teams, found 0 from 0 TRADE items",,,,,,,,,,,,,,,
2c41ff39-98c9-4388-961f-e0f7978e8243,46cc5802-73af-41e3-8958-a0002147b483,2020,3,4,16,2020-09-23T18:01:26.527000+00:00,ungraded,"expected 2 receiving teams, found 0 from 0 TRADE items",,,,,,,,,,,,,,,
b149ccc3-b9f6-4370-aa4a-bb98e28faa54,0d5179cd-9087-4b9a-95f0-44aef7be6cd7,2020,3,4,16,2020-09-23T23:40:53.987000+00:00,ungraded,"expected 2 receiving teams, found 0 from 0 TRADE items",,,,,,,,,,,,,,,
63d17f25-8b9b-47bb-8611-8f33b911617b,,2020,4,5,16,2020-10-02T00:53:38.613000+00:00,graded,,4,63d17f25-8b9b-47bb-8611-8f33b911617b; 7cb00983-45f3-4b1c-ae34-c534e8234c4a; 68f32496-794b-4aa8-b6fe-181867ad98c4; c6c67662-7126-4f0f-9588-3398e1ac7d47,3,my dick ertz,312.44,A+,Tyler Boyd (124.04); David Montgomery (188.40),6,Little Tike,111.8,F,Melvin Gordon III (111.80),200.64,3,my dick ertz
7cb00983-45f3-4b1c-ae34-c534e8234c4a,,2020,4,5,16,2020-10-02T07:20:45.664000+00:00,graded,,4,63d17f25-8b9b-47bb-8611-8f33b911617b; 7cb00983-45f3-4b1c-ae34-c534e8234c4a; 68f32496-794b-4aa8-b6fe-181867ad98c4; c6c67662-7126-4f0f-9588-3398e1ac7d47,3,my dick ertz,312.44,A+,Tyler Boyd (124.04); David Montgomery (188.40),6,Little Tike,111.8,F,Melvin Gordon III (111.80),200.64,3,my dick ertz
179abab1-9817-4e03-8432-5bf303ec80a8,150f6644-95c9-4262-8ac2-91707d368cba,2020,4,5,16,2020-10-01T18:23:34.676000+00:00,ungraded,"expected 2 receiving teams, found 0 from 0 TRADE items",,,,,,,,,,,,,,,
1b7ee1c6-7955-4436-b407-d856929a0dcd,cde32021-9538-42ac-92f9-ebd46a34c3e7,2020,4,5,16,2020-09-29T22:40:05.225000+00:00,ungraded,"expected 2 receiving teams, found 0 from 0 TRADE items",,,,,,,,,,,,,,,
68f32496-794b-4aa8-b6fe-181867ad98c4,150f6644-95c9-4262-8ac2-91707d368cba,2020,4,5,16,2020-10-01T18:23:34.831000+00:00,graded,,4,63d17f25-8b9b-47bb-8611-8f33b911617b; 7cb00983-45f3-4b1c-ae34-c534e8234c4a; 68f32496-794b-4aa8-b6fe-181867ad98c4; c6c67662-7126-4f0f-9588-3398e1ac7d47,3,my dick ertz,111.8,F,Melvin Gordon III (111.80),6,Little Tike,312.44,A+,Tyler Boyd (124.04); David Montgomery (188.40),-200.64,6,Little Tike
c6c67662-7126-4f0f-9588-3398e1ac7d47,,2020,4,5,16,2020-10-02T07:11:51.712000+00:00,graded,,4,63d17f25-8b9b-47bb-8611-8f33b911617b; 7cb00983-45f3-4b1c-ae34-c534e8234c4a; 68f32496-794b-4aa8-b6fe-181867ad98c4; c6c67662-7126-4f0f-9588-3398e1ac7d47,3,my dick ertz,111.8,F,Melvin Gordon III (111.80),6,Little Tike,312.44,A+,David Montgomery (188.40); Tyler Boyd (124.04),-200.64,6,Little Tike
e99891ea-020e-4ff4-9c81-50bc96f12a12,,2020,5,6,16,2020-10-08T06:47:33.462000+00:00,graded,,1,e99891ea-020e-4ff4-9c81-50bc96f12a12,1,Team Lebi,99.42,D-,Jamison Crowder (99.42),10,Team Koven,125.9,B+,Robby Anderson (125.90),-26.48,10,Team Koven
24009191-eebe-423a-a3bc-8bfc5274cb42,456f2479-2a07-463a-a56c-c131e7dbcd4a,2020,5,6,16,2020-10-08T19:27:52.009000+00:00,ungraded,"expected 2 receiving teams, found 0 from 0 TRADE items",,,,,,,,,,,,,,,
362af44d-b166-4e6f-b72d-3b64b2ae7839,637b496c-37e3-4f62-8277-56ccbe8288da,2020,5,6,16,2020-10-06T16:41:34.729000+00:00,ungraded,"expected 2 receiving teams, found 0 from 0 TRADE items",,,,,,,,,,,,,,,
28942037-7791-4b45-9655-e66042126b15,671845b0-4c1e-441d-a27c-6bcabd581214,2020,5,6,16,2020-10-08T06:24:19.566000+00:00,ungraded,"expected 2 receiving teams, found 0 from 0 TRADE items",,,,,,,,,,,,,,,
1aeea08a-af94-4af0-864a-14c39d274855,4b31000e-812c-4726-b5e2-dffce85923b1,2020,5,6,16,2020-10-08T06:58:23.144000+00:00,ungraded,"expected 2 receiving teams, found 0 from 0 TRADE items",,,,,,,,,,,,,,,
6bd208cb-1ec6-4b27-99b7-ea92a9050152,f240fe61-9c8e-48ce-b890-6aff0c408783,2020,6,7,16,2020-10-15T09:37:35.730000+00:00,ungraded,"expected 2 receiving teams, found 0 from 0 TRADE items",,,,,,,,,,,,,,,
4f310058-ef27-4aaa-9890-d73b305447c2,f7bc4bdd-2dd7-4233-94f0-19213be1b7bf,2020,6,7,16,2020-10-14T19:49:53.766000+00:00,graded,,1,4f310058-ef27-4aaa-9890-d73b305447c2,3,my dick ertz,438.3,B+,Alvin Kamara (230.20); Amari Cooper (116.60); Mike Gesicki (91.50),6,Little Tike,398.6,D-,David Montgomery (155.80); David Johnson (81.60); DeAndre Hopkins (161.20),39.7,3,my dick ertz
4dee7a03-73c3-4810-896a-147845cae2cf,97f4de71-5941-4fda-a0cd-87f260ec5f57,2020,6,7,16,2020-10-16T21:57:07.628000+00:00,ungraded,"expected 2 receiving teams, found 0 from 0 TRADE items",,,,,,,,,,,,,,,
eb252fc7-cba8-46d6-96e6-c3e21b02c5c6,97f4de71-5941-4fda-a0cd-87f260ec5f57,2020,6,7,16,2020-10-16T21:57:07.777000+00:00,graded,,1,eb252fc7-cba8-46d6-96e6-c3e21b02c5c6,3,my dick ertz,220.8,A+,Brandin Cooks (116.70); Kenyan Drake (104.10),10,Team Koven,102.94,F,Tyler Boyd (102.94),117.86,3,my dick ertz
92f1b344-1965-429c-914c-5ffaa3a5370f,f7bc4bdd-2dd7-4233-94f0-19213be1b7bf,2020,6,7,16,2020-10-14T19:49:53.631000+00:00,ungraded,"expected 2 receiving teams, found 0 from 0 TRADE items",,,,,,,,,,,,,,,
d4b970b0-2ccc-4158-87ea-251049dc63cb,614b2b8a-46c4-4d65-8fbf-676376c0dd7e,2020,6,7,16,2020-10-15T08:09:47.175000+00:00,ungraded,"expected 2 receiving teams, found 0 from 0 TRADE items",,,,,,,,,,,,,,,
c7f31283-3920-4a64-8376-37494de7e048,f1fe9889-9c9d-4f42-a268-effb770395be,2020,7,8,16,2020-10-20T21:04:53.899000+00:00,ungraded,"expected 2 receiving teams, found 0 from 0 TRADE items",,,,,,,,,,,,,,,
95790437-15c4-480b-a136-11fdcf60f5d2,,2020,7,8,16,2020-10-21T06:27:00.989000+00:00,graded,,2,95790437-15c4-480b-a136-11fdcf60f5d2; a3fd5264-3c41-412a-b03a-032da5a6c17c,1,Team Lebi,205.0,A+,James Conner (58.10); Allen Robinson II (146.90),10,Team Koven,31.4,F,Raheem Mostert (31.40),173.6,1,Team Lebi
06bb1d98-3291-484b-ae51-33bafac0898d,c608dbe8-3323-4209-8537-7ab26a765c37,2020,7,8,16,2020-10-23T16:17:25.589000+00:00,ungraded,"expected 2 receiving teams, found 0 from 0 TRADE items",,,,,,,,,,,,,,,
297abc24-d804-4ab9-8ee9-631e0a80d413,07eeb2ee-3a70-4c0d-85c7-30ef0333d056,2020,7,8,16,2020-10-21T04:44:46.222000+00:00,ungraded,"expected 2 receiving teams, found 0 from 0 TRADE items",,,,,,,,,,,,,,,
a3fd5264-3c41-412a-b03a-032da5a6c17c,,2020,7,8,16,2020-10-21T06:28:38.519000+00:00,graded,,2,95790437-15c4-480b-a136-11fdcf60f5d2; a3fd5264-3c41-412a-b03a-032da5a6c17c,1,Team Lebi,31.4,F,Raheem Mostert (31.40),10,Team Koven,205.0,A+,Allen Robinson II (146.90); James Conner (58.10),-173.6,10,Team Koven
7bf09fad-4b6b-4242-9487-cb93725c3bff,2ecc29f1-b921-4e2d-a4df-18bd84b515e9,2020,7,8,16,2020-10-20T17:59:02.311000+00:00,ungraded,"expected 2 receiving teams, found 0 from 0 TRADE items",,,,,,,,,,,,,,,
12c53c59-59da-481d-8e87-9bbd98d3934e,c98c4962-4eb7-4145-adb2-9cb72e98b9db,2020,8,9,16,2020-10-27T07:00:00+00:00,graded,,1,12c53c59-59da-481d-8e87-9bbd98d3934e,3,my dick ertz,392.8,A+,Clyde Edwards-Helaire (61.40); Tyreek Hill (186.80); Justin Jefferson (144.60),7,Cam The Ram,248.92,F,Chase Edmonds (79.70); Michael Thomas (79.20); Jarvis Landry (90.02),143.88,3,my dick ertz
f6203ec4-7fba-4c87-b99f-c5bdf1dc84bf,d62dcc89-2b66-4233-a118-312c9a9b0ba5,2020,8,9,16,2020-10-28T21:00:32.915000+00:00,graded,,5,f6203ec4-7fba-4c87-b99f-c5bdf1dc84bf; 6fa98661-0743-44d3-b9e8-ffa6303dac1a; 253e806a-7f20-45f8-8cff-8af2c8ba5952; db675773-8d56-49ee-99cf-cb227d1b8a82; bf94dc3d-21b9-4f52-a00f-409646c80d13,2,Team Sacks,392.8,A+,Tyreek Hill (186.80); Clyde Edwards-Helaire (61.40); Justin Jefferson (144.60),3,my dick ertz,220.6,F,Miles Sanders (89.90); Nick Chubb (130.70),172.2,2,Team Sacks
6fa98661-0743-44d3-b9e8-ffa6303dac1a,,2020,8,9,16,2020-10-29T01:06:25.669000+00:00,graded,,5,f6203ec4-7fba-4c87-b99f-c5bdf1dc84bf; 6fa98661-0743-44d3-b9e8-ffa6303dac1a; 253e806a-7f20-45f8-8cff-8af2c8ba5952; db675773-8d56-49ee-99cf-cb227d1b8a82; bf94dc3d-21b9-4f52-a00f-409646c80d13,2,Team Sacks,220.6,F,Nick Chubb (130.70); Miles Sanders (89.90),3,my dick ertz,392.8,A+,Justin Jefferson (144.60); Tyreek Hill (186.80); Clyde Edwards-Helaire (61.40),-172.2,3,my dick ertz
14ea280c-0766-4768-8f79-a33220470baf,,2020,8,9,16,2020-10-28T21:15:55.697000+00:00,graded,,1,14ea280c-0766-4768-8f79-a33220470baf,2,Team Sacks,93.8,F,Terry McLaurin (93.80),6,Little Tike,237.7,A+,David Johnson (65.20); Stefon Diggs (172.50),-143.9,6,Little Tike
253e806a-7f20-45f8-8cff-8af2c8ba5952,,2020,8,9,16,2020-10-30T01:41:38.339000+00:00,graded,,5,f6203ec4-7fba-4c87-b99f-c5bdf1dc84bf; 6fa98661-0743-44d3-b9e8-ffa6303dac1a; 253e806a-7f20-45f8-8cff-8af2c8ba5952; db675773-8d56-49ee-99cf-cb227d1b8a82; bf94dc3d-21b9-4f52-a00f-409646c80d13,2,Team Sacks,220.6,F,Nick Chubb (130.70); Miles Sanders (89.90),3,my dick ertz,392.8,A+,Justin Jefferson (144.60); Clyde Edwards-Helaire (61.40); Tyreek Hill (186.80),-172.2,3,my dick ertz
db675773-8d56-49ee-99cf-cb227d1b8a82,,2020,8,9,16,2020-10-31T09:18:48.239000+00:00,graded,,5,f6203ec4-7fba-4c87-b99f-c5bdf1dc84bf; 6fa98661-0743-44d3-b9e8-ffa6303dac1a; 253e806a-7f20-45f8-8cff-8af2c8ba5952; db675773-8d56-49ee-99cf-cb227d1b8a82; bf94dc3d-21b9-4f52-a00f-409646c80d13,2,Team Sacks,392.8,A+,Justin Jefferson (144.60); Tyreek Hill (186.80); Clyde Edwards-Helaire (61.40),3,my dick ertz,220.6,F,Miles Sanders (89.90); Nick Chubb (130.70),172.2,2,Team Sacks
bf94dc3d-21b9-4f52-a00f-409646c80d13,,2020,8,9,16,2020-10-29T22:27:28.384000+00:00,graded,,5,f6203ec4-7fba-4c87-b99f-c5bdf1dc84bf; 6fa98661-0743-44d3-b9e8-ffa6303dac1a; 253e806a-7f20-45f8-8cff-8af2c8ba5952; db675773-8d56-49ee-99cf-cb227d1b8a82; bf94dc3d-21b9-4f52-a00f-409646c80d13,2,Team Sacks,392.8,A+,Clyde Edwards-Helaire (61.40); Justin Jefferson (144.60); Tyreek Hill (186.80),3,my dick ertz,220.6,F,Miles Sanders (89.90); Nick Chubb (130.70),172.2,2,Team Sacks
389c5cc0-c8b8-4d77-85e0-db3a56a2209f,d62dcc89-2b66-4233-a118-312c9a9b0ba5,2020,8,9,16,2020-10-28T21:00:32.755000+00:00,ungraded,"expected 2 receiving teams, found 0 from 0 TRADE items",,,,,,,,,,,,,,,
4f8b2f9c-7f70-47a4-89a7-f058cf21a346,8bcc13f8-a240-47da-8f17-421c4a6eda67,2020,8,9,16,2020-10-28T21:00:47.719000+00:00,ungraded,"expected 2 receiving teams, found 0 from 0 TRADE items",,,,,,,,,,,,,,,
58f165bc-0b25-4581-bccb-553d4206b3b7,0ec6500f-5609-4bdb-aa7a-277f04b25ca6,2020,9,10,16,2020-11-03T20:51:18.596000+00:00,graded,,1,58f165bc-0b25-4581-bccb-553d4206b3b7,3,my dick ertz,264.3,C,James Conner (39.10); Tyler Boyd (55.60); Brandon Aiyuk (88.50); Dallas Goedert (81.10),10,Team Koven,259.7,C,Boston Scott (39.10); Miles Sanders (89.90); Nick Chubb (130.70),4.6,3,my dick ertz
0f5dd7b0-bb23-441c-bd01-e3cb236d2175,2bce25e7-0839-4a13-b1ab-43abeccce60c,2020,9,10,16,2020-11-06T22:55:30.577000+00:00,graded,,1,0f5dd7b0-bb23-441c-bd01-e3cb236d2175,2,Team Sacks,138.1,B,Mike Gesicki (82.50); Tyler Boyd (55.60),3,my dick ertz,117.5,D,Will Fuller V (57.90); Noah Fant (59.60),20.6,2,Team Sacks
965bec57-2f51-4c54-a393-abfdcef5001a,8694a90b-f0ef-4086-81e6-73e2fb5b6864,2020,10,11,16,2020-11-13T20:49:49.410000+00:00,graded,,1,965bec57-2f51-4c54-a393-abfdcef5001a,3,my dick ertz,64.5,C,T.J. Hockenson (64.50),7,Cam The Ram,73.2,C,Hunter Henry (57.60); Jerick McKinnon (15.60),-8.7,7,Cam The Ram
44181449-f3d4-4e4b-bbd5-6e1331e95f44,,2020,10,11,16,2020-11-12T07:50:37.393000+00:00,graded,,1,44181449-f3d4-4e4b-bbd5-6e1331e95f44,5,Le’veon a Prayer,51.7,F,Leonard Fournette (51.70),10,Team Koven,126.94,A+,Justin Herbert (126.94),-75.24,10,Team Koven
bb727616-0f9f-445f-82bd-749618470ec0,a0082d3a-34cf-4051-ac8b-429c9596b063,2020,10,11,16,2020-11-12T20:49:24.834000+00:00,graded,,1,bb727616-0f9f-445f-82bd-749618470ec0,3,my dick ertz,126.4,B+,Stefon Diggs (126.40),6,Little Tike,99.9,D-,Todd Gurley II (23.40); Brandin Cooks (76.50),26.5,3,my dick ertz
3576cf82-3583-4607-89ee-b237bd4579de,30c5cc48-5b35-473a-9cfd-d1921d5da5c7,2020,10,11,16,2020-11-12T23:16:01.365000+00:00,graded,,1,3576cf82-3583-4607-89ee-b237bd4579de,3,my dick ertz,61.0,B,Jason Sanders (61.00),10,Team Koven,48.2,D,Jalen Reagor (48.20),12.8,3,my dick ertz
27f4f2e3-ac74-440b-91d5-8c665377f37f,a29f1d8a-bbc2-41a4-8545-dcda9acfeb91,2020,10,11,16,2020-11-12T08:47:16.249000+00:00,graded,,1,27f4f2e3-ac74-440b-91d5-8c665377f37f,1,Team Lebi,171.8,C,Alvin Kamara (131.40); Christian Kirk (40.40),3,my dick ertz,171.7,C,James Robinson (87.70); Todd Gurley II (23.40); Antonio Brown (60.60),0.1,1,Team Lebi
3d5ed0c6-08ce-4cd4-a742-3904a430903f,bf54e5c1-544c-454f-a3a8-1d6d91dc2349,2020,10,11,16,2020-11-12T04:57:05.386000+00:00,graded,,1,3d5ed0c6-08ce-4cd4-a742-3904a430903f,3,my dick ertz,73.2,B,Hunter Henry (57.60); Jerick McKinnon (15.60),10,Team Koven,54.8,D,Noah Fant (54.80),18.4,3,my dick ertz
f4d4c6c4-810b-4ee6-8a35-40109441e164,11f7bb2f-87db-40e0-805e-e0489f9beaa3,2020,11,12,16,2020-11-17T08:00:00+00:00,graded,,1,f4d4c6c4-810b-4ee6-8a35-40109441e164,3,my dick ertz,84.4,F,A.J. Brown (84.40),7,Cam The Ram,157.1,A+,Amari Cooper (73.00); Antonio Brown (46.80); Carlos Hyde (33.50); DeeJay Dallas (3.80),-72.7,7,Cam The Ram
437c4082-5e92-4a73-b871-e1becba4e788,e92ee92e-b59e-45d3-9cb1-3a3bab406587,2020,11,12,16,2020-11-17T17:53:24.330000+00:00,graded,,1,437c4082-5e92-4a73-b871-e1becba4e788,3,my dick ertz,156.3,B,Diontae Johnson (83.20); Kenyan Drake (73.10),7,Cam The Ram,145.8,D,James Conner (19.40); Stefon Diggs (126.40),10.5,3,my dick ertz
64cfafc9-77b6-4909-b3b3-919ff140b865,23c30fbb-3bcc-4c6e-b07f-c1071851961c,2020,12,13,16,2020-11-25T09:00:18.020000+00:00,graded,,1,64cfafc9-77b6-4909-b3b3-919ff140b865,3,my dick ertz,15.0,D,Chargers D/ST (15.00),10,Team Koven,33.0,B,Dolphins D/ST (33.00),-18.0,10,Team Koven
9aff9d8b-df41-49ec-86c1-473a2e0fd377,,2020,12,13,16,2020-11-24T08:55:31.599000+00:00,graded,,1,9aff9d8b-df41-49ec-86c1-473a2e0fd377,8,The Henny God King ,51.22,D,Joe Mixon (0.00); Jarvis Landry (51.22),10,Team Koven,70.1,B,Curtis Samuel (45.60); Darius Slayton (24.50),-18.88,10,Team Koven
a78cbcac-a332-4c57-bdc2-cef5d4c2a85e,,2021,1,2,17,2021-09-04T01:16:55.422000+00:00,graded,,1,a78cbcac-a332-4c57-bdc2-cef5d4c2a85e,3,im done,165.5,A+,James Robinson (165.50),4,Joplin Drillas,88.6,F,Jamaal Williams (88.60),76.9,3,im done
fbd117f2-19ed-4a0b-9f11-59cd8cee0adf,,2021,2,3,17,2021-09-20T17:29:48.617000+00:00,graded,,1,fbd117f2-19ed-4a0b-9f11-59cd8cee0adf,1,Ridley's Revenge,482.6,A+,Mike Davis (112.90); Ty'Son Williams (11.80); Tom Brady (357.90),11,Dak To Glory,104.8,F,Clyde Edwards-Helaire (104.80),377.8,1,Ridley's Revenge
4d32cccd-ee7b-4e96-81bd-8aaeefa5f65c,,2021,3,4,17,2021-09-28T03:45:05.436000+00:00,graded,,1,4d32cccd-ee7b-4e96-81bd-8aaeefa5f65c,3,im done,504.5,A+,Diontae Johnson (229.20); Damien Harris (165.60); Chuba Hubbard (109.70),11,Dak To Glory,240.7,F,James Robinson (130.70); Marvin Jones Jr. (110.00),263.8,3,im done
5b0017fa-c4c4-419c-ad35-60c00e1d8ef3,,2021,4,5,17,2021-09-30T00:56:39.389000+00:00,graded,,1,5b0017fa-c4c4-419c-ad35-60c00e1d8ef3,8,The Henny God King ,252.1,B+,Javonte Williams (160.90); Robert Woods (91.20),11,Dak To Glory,217.6,D-,Odell Beckham Jr. (107.50); James Robinson (110.10),34.5,8,The Henny God King 
086dd683-3627-4fd1-badc-30b801028d1c,13a91d86-8879-4e70-a987-97855b03ad19,2021,6,7,17,2021-10-12T18:02:18.447000+00:00,graded,,1,086dd683-3627-4fd1-badc-30b801028d1c,3,im done,118.9,A+,Aaron Jones (118.90),9,Sheemy sheemy  Zduble,48.5,F,Chris Carson (0.00); DeAndre Hopkins (48.50),70.4,3,im done
f30636f4-ff5c-4176-988b-ee7da0ed653f,5fab6d99-4e80-4003-bfc6-926de6c90384,2021,8,9,17,2021-10-28T16:32:00.813000+00:00,graded,,1,f30636f4-ff5c-4176-988b-ee7da0ed653f,3,im done,241.7,B,Ricky Seals-Jones (17.10); Chase Claypool (72.50); Stefon Diggs (152.10),11,Dak To Glory,218.6,D,Antonio Brown (25.70); Diontae Johnson (154.40); T.J. Hockenson (38.50),23.1,3,im done
0de91ccd-19a1-4ed8-848c-49a8a14d49ef,df6ec028-298f-40fe-82b3-eef6db140a0d,2021,8,9,17,2021-10-30T21:13:18.460000+00:00,graded,,1,0de91ccd-19a1-4ed8-848c-49a8a14d49ef,3,im done,21.7,F,Allen Robinson II (21.70),11,Dak To Glory,78.0,A,Melvin Gordon III (78.00),-56.3,11,Dak To Glory
a8569b3d-b705-42e0-b6df-c5bb4447ec43,fa061ff2-bef0-4db7-849e-139ddb66e864,2021,11,12,17,2021-11-17T01:41:22.832000+00:00,graded,,1,a8569b3d-b705-42e0-b6df-c5bb4447ec43,3,im done,377.6,A+,Alexander Mattison (56.20); Tee Higgins (125.50); Diontae Johnson (106.30); Dalvin Cook (64.90); Michael Carter (24.70),11,Dak To Glory,227.2,F,Aaron Jones (68.10); Stefon Diggs (89.10); Ezekiel Elliott (70.00),150.4,3,im done
a146b394-b4ea-4527-a45e-2177a9b86250,884d33ca-341b-49b5-a531-36b83c9a2fe1,2021,12,13,17,2021-11-24T01:47:32.828000+00:00,graded,,1,a146b394-b4ea-4527-a45e-2177a9b86250,3,im done,172.4,A+,Ja'Marr Chase (113.90); Antonio Gibson (58.50),8,The Henny God King ,96.0,F,Alexander Mattison (45.40); Dalvin Cook (50.60),76.4,3,im done
c409e77c-319b-45ad-8036-4d6eca3a65d0,7b9a66d2-6746-4218-beb4-4ff2c956a762,2021,15,16,17,2021-12-16T04:38:00.458000+00:00,graded,,1,c409e77c-319b-45ad-8036-4d6eca3a65d0,3,im done,21.0,B,Evan McPherson (21.00),5,DHMU I am McDepressed,9.0,D,Greg Zuerlein (9.00),12.0,3,im done
cc43ec68-b599-482b-b6f7-4b56d6e63728,,2022,1,2,17,2022-09-04T01:21:42.422000+00:00,graded,,1,cc43ec68-b599-482b-b6f7-4b56d6e63728,8,Jalen We Need To Cooks,480.8,A+,Saquon Barkley (250.60); Aaron Jones (230.20),11,Dont be Mahomiphobic,414.5,F,Cooper Kupp (171.60); Nick Chubb (242.90),66.3,8,Jalen We Need To Cooks
917c452d-7fbe-43d2-b6b6-4ab0749986f2,,2022,2,3,17,2022-09-14T04:46:54.386000+00:00,graded,,2,917c452d-7fbe-43d2-b6b6-4ab0749986f2; c5d0fc7c-6d8a-4299-9dde-1d7f81f6ab02,2,Swiftly Waddlin',335.1,A+,Austin Ekeler (335.10),11,Dont be Mahomiphobic,58.8,F,Julio Jones (58.80),276.3,2,Swiftly Waddlin'
c5d0fc7c-6d8a-4299-9dde-1d7f81f6ab02,,2022,2,3,17,2022-09-14T04:42:08.157000+00:00,graded,,2,917c452d-7fbe-43d2-b6b6-4ab0749986f2; c5d0fc7c-6d8a-4299-9dde-1d7f81f6ab02,2,Swiftly Waddlin',58.8,F,Julio Jones (58.80),11,Dont be Mahomiphobic,335.1,A+,Austin Ekeler (335.10),-276.3,11,Dont be Mahomiphobic
5ca2be7f-2922-4f5f-abfb-2fa0cd608145,526a0a79-aed1-4876-babe-03d5bada4ed5,2022,6,7,17,2022-10-13T00:15:49.316000+00:00,graded,,1,5ca2be7f-2922-4f5f-abfb-2fa0cd608145,1,Team Justin,311.7,D,Amari Cooper (149.10); Mike Evans (149.60); Clyde Edwards-Helaire (13.00),3,The Milkman,330.1,B,Alexander Mattison (33.90); Terry McLaurin (146.10); Dalvin Cook (150.10),-18.4,3,The Milkman
64475bc9-38d9-4a43-bd98-48968d4cc3bc,270dd4e9-0196-46f4-8a45-3b8a36306eee,2022,7,8,17,2022-10-19T03:15:29.509000+00:00,graded,,1,64475bc9-38d9-4a43-bd98-48968d4cc3bc,1,Team Justin,131.4,C,DeAndre Hopkins (131.40),3,The Milkman,131.0,C,Mike Evans (131.00),0.4,1,Team Justin
3d749b06-beee-48cd-ad3f-2a22d28d4880,f4ecd0cd-eae1-4679-bdd0-051bf0e50906,2022,7,8,17,2022-10-18T22:17:02.142000+00:00,graded,,1,3d749b06-beee-48cd-ad3f-2a22d28d4880,3,The Milkman,88.0,C,Raheem Mostert (88.00),7,Ride the J - Train,93.9,C,Jakobi Meyers (93.90),-5.9,7,Ride the J - Train
0971ae5b-84f7-4a0c-8f40-c9949886c99b,,2022,8,9,17,2022-10-29T08:05:07.826000+00:00,graded,,2,0971ae5b-84f7-4a0c-8f40-c9949886c99b; 4377837f-84b9-47cd-8c57-33c84c7556c6,2,Swiftly Waddlin',186.3,D-,Mike Williams (64.80); DK Metcalf (121.50),11,Dont be Mahomiphobic,223.7,B+,Brandon Aiyuk (106.90); Tee Higgins (116.80),-37.4,11,Dont be Mahomiphobic
4377837f-84b9-47cd-8c57-33c84c7556c6,,2022,8,9,17,2022-10-29T07:53:43.603000+00:00,graded,,2,0971ae5b-84f7-4a0c-8f40-c9949886c99b; 4377837f-84b9-47cd-8c57-33c84c7556c6,2,Swiftly Waddlin',223.7,B+,Tee Higgins (116.80); Brandon Aiyuk (106.90),11,Dont be Mahomiphobic,186.3,D-,Mike Williams (64.80); DK Metcalf (121.50),37.4,2,Swiftly Waddlin'
12c6551e-0225-40cb-98c4-ac0352b1f435,8da44f72-c3c5-4730-bcca-89f93cbc5bc6,2022,10,11,17,2022-11-08T18:11:54.221000+00:00,graded,,1,12c6551e-0225-40cb-98c4-ac0352b1f435,3,The Milkman,70.0,C,Leonard Fournette (70.00),11,Dont be Mahomiphobic,79.8,C,Terry McLaurin (79.80),-9.8,11,Dont be Mahomiphobic
694163d0-2658-4952-b929-84e8d32630d1,1c6b72e0-0b4d-4507-8574-bd38844332c8,2023,1,2,17,2023-08-25T01:47:16.344000+00:00,graded,,1,694163d0-2658-4952-b929-84e8d32630d1,1,U Ceedee Njigba take my waller?,504.9,F,Tyreek Hill (314.70); Saquon Barkley (190.20),3,The Milkman,641.2,A+,A.J. Brown (275.80); Christian McCaffrey (365.40),-136.3,3,The Milkman
cf122883-b364-4827-b221-35d0f347116a,,2023,3,4,17,2023-09-22T23:13:39.707000+00:00,graded,,1,cf122883-b364-4827-b221-35d0f347116a,5,time to cook,163.6,C,Tutu Atwell (57.80); Rashid Shaheed (105.80),7,BELIEVE,162.8,C,Justin Herbert (162.80),0.8,5,time to cook
0b679288-d2f3-4d06-833c-287b01118459,e056026c-0afc-4732-b533-3c74a865a1a2,2023,6,7,17,2023-10-13T18:38:41.021000+00:00,graded,,1,0b679288-d2f3-4d06-833c-287b01118459,3,The Milkman,79.1,F,D'Onta Foreman (79.10),11,🫡,234.86,A+,Dak Prescott (234.86),-155.76,11,🫡
417bd730-384f-406b-b06e-432c360debca,,2023,11,12,17,2023-11-21T04:35:21.365000+00:00,graded,,2,417bd730-384f-406b-b06e-432c360debca; 4431d2e5-7537-42ea-b45a-d37f32f4aaad,4,For Chubb + AR❤️,127.7,A+,Zack Moss (38.60); Michael Pittman Jr. (89.10),5,time to cook,49.6,F,Stefon Diggs (49.60),78.1,4,For Chubb + AR❤️
4431d2e5-7537-42ea-b45a-d37f32f4aaad,,2023,11,12,17,2023-11-21T05:04:45.184000+00:00,graded,,2,417bd730-384f-406b-b06e-432c360debca; 4431d2e5-7537-42ea-b45a-d37f32f4aaad,4,For Chubb + AR❤️,49.6,F,Stefon Diggs (49.60),5,time to cook,127.7,A+,Zack Moss (38.60); Michael Pittman Jr. (89.10),-78.1,5,time to cook
69293f56-088b-4b80-a159-bfaede73e630,e49cbabc-04d3-442c-9bad-df7db97604eb,2023,14,15,17,2023-12-10T06:22:17.927000+00:00,graded,,1,69293f56-088b-4b80-a159-bfaede73e630,2,The Sun God,28.0,C,Cole Kmet (28.00),3,The Milkman,30.3,C,Raheem Mostert (30.30),-2.3,3,The Milkman
fbf7ba31-77d0-4712-9ec2-34ca637203a7,85e07148-89d5-40ac-bc97-40cc8d390d5c,2024,7,8,17,2024-10-15T16:42:57.878000+00:00,graded,,1,fbf7ba31-77d0-4712-9ec2-34ca637203a7,3,The Kill,0.0,F,Chris Godwin (0.00),8,Tee And Cee,210.7,A+,Ladd McConkey (162.90); Christian McCaffrey (47.80),-210.7,8,Tee And Cee
9ce74a76-d185-484a-b63b-4fbfd2924d03,61e5dd5c-54f2-4f16-b2ea-2a993c2aba28,2024,12,13,17,2024-11-22T00:00:10.779000+00:00,graded,,1,9ce74a76-d185-484a-b63b-4fbfd2924d03,3,The Kill,112.1,B+,Jakobi Meyers (63.50); Deebo Samuel (48.60),4,Rub a Dub Chubb,72.1,F,Drake London (72.10),40.0,3,The Kill
a65b3a83-58ec-4394-9e52-b778a2d0c486,,2025,3,4,17,2025-09-19T12:35:46.150000+00:00,graded,,1,a65b3a83-58ec-4394-9e52-b778a2d0c486,5,Cedars Sinai,291.3,B,Jahmyr Gibbs (291.30),7,Dynasty me (be mature),267.6,D,Jacory Croskey-Merritt (113.40); Drake London (154.20),23.7,5,Cedars Sinai
0690b8c5-5b5d-469b-803a-fb4310f2973e,,2025,3,4,17,2025-09-19T18:46:57.126000+00:00,graded,,1,0690b8c5-5b5d-469b-803a-fb4310f2973e,5,Cedars Sinai,320.6,B+,Jacory Croskey-Merritt (113.40); Matthew Golden (53.00); Drake London (154.20),7,Dynasty me (be mature),291.3,D-,Jahmyr Gibbs (291.30),29.3,5,Cedars Sinai
f3369938-0a44-46ab-9781-8b59f89d676d,810584f8-91f4-4060-ae2a-fdd0bd0de6cb,2025,7,8,17,2025-10-15T16:03:22.892000+00:00,graded,,1,f3369938-0a44-46ab-9781-8b59f89d676d,3,The Kill,58.1,F,Chuba Hubbard (58.10); Brandon Aiyuk (0.00),8,Kirkumcised Penix ,160.6,A+,Terry McLaurin (81.60); Jaguars D/ST (79.00),-102.5,8,Kirkumcised Penix 
3a17027d-ffc0-49e7-b5b7-322509451c3b,0f431309-7ba8-4fb7-8772-512547d62f2a,2025,7,8,17,2025-10-15T16:04:08.120000+00:00,graded,,1,3a17027d-ffc0-49e7-b5b7-322509451c3b,3,The Kill,102.6,B+,Zach Charbonnet (102.60),5,Cedars Sinai,70.0,D-,Chris Godwin (70.00),32.6,3,The Kill
